{"cameraMode":{"drawMode":0,"name":"Shaded","section":"Shading Mode"},"sceneLighting":true,"audioPlay":false,"sceneViewState":{"showFog":true,"showMaterialUpdate":false,"showSkybox":true,"showFlares":true,"showImageEffects":true,"showParticleSystems":true},"in2DMode":false,"pivot":{"x":-4.027220726013184,"y":-1.670478343963623,"z":-3.161738634109497},"rotation":{"x":-0.07436909526586533,"y":0.8911550045013428,"z":-0.15831097960472108,"w":-0.4186699092388153},"size":3.9836766719818117,"orthographic":false}